,Name,Price,Rating,Reviews,Product Link
0,"zoles Smart Vacuum Flasks Stainless Steel LED Temperature Display Bottle 500ml 500 ml Flask  (Pack of 1, Multicolor, Steel)",‚Çπ298,3.4,"['Very nice product üëå üëç üëè\nüëåüëåü•∞ü•∞ü•∞', 'Good product and good in all time', 'Nice quality .', '', '', '', '', '', '', '']",https://www.flipkart.com/zoles-smart-vacuum-flasks-stainless-steel-led-temperature-display-bottle-500ml-500-ml-flask/p/itmd68c73382b809?pid=BOTG9YHYZFCUJJTQ&lid=LSTBOTG9YHYZFCUJJTQYYXKMO&marketplace=FLIPKART&q=WaterBottle&store=upp%2F3t7&srno=s_1_1&otracker=search&iid=en_0Ash5OWNLTVgYodr4TruWQ543TWKVEYDlLvAsZdaeXRMUdk%2FWoInC86s2uAk7yV4mZ%2BBgkqk5pPlFaexWFdOUg%3D%3D&ssid=z9ljnmc7r40000001687297449288&qH=d9179e4bbe2fe963
1,"mr hub collection Smart Stainless Steel Vacuum Insulated Water Bottle with LED 500 ml Flask  (Pack of 1, Blue, Steel)",‚Çπ290,,,https://www.flipkart.com/mr-hub-collection-smart-stainless-steel-vacuum-insulated-water-bottle-led-500-ml-flask/p/itme9de107c60eb3?pid=BOTGQHZ9ZTBASBSF&lid=LSTBOTGQHZ9ZTBASBSFOB5CTR&marketplace=FLIPKART&q=WaterBottle&store=upp%2F3t7&srno=s_1_2&otracker=search&iid=en_0Ash5OWNLTVgYodr4TruWQ543TWKVEYDlLvAsZdaeXSxAtJxRPiCIskquUEvxe%2BdCH5I1%2F7N4wwHs4ENkJ7OSw%3D%3D&ssid=z9ljnmc7r40000001687297449288&qH=d9179e4bbe2fe963
2,"cello Puro Steel-X Benz 900 Insulated Inner Steel Outer Plastic Water Bottle, 730 ml Bottle  (Pack of 1, Black, Steel, Plastic)",‚Çπ359,3.9,"[""Its a good product for school & college going people as it can accommodate fair enough quantity of water tho it can't keep it cold or warm for lond period of time. Lookwise great,looks classy and rich."", 'Same colour as shown in picture üôÇ.. love it. But m not using right now üòÇ. Hope it will be great üòä', ""It doesn't provide much insulation. Actually it is not a thermoflask. So your hot water remain hot for a maximum duration of 1 hr. Over all quality is good, one more important thing there is no difference in between 900ml and 600ml bottle. Bottle is cute. Everything is good except insulation."", '', '', '', '', '', '', '']",https://www.flipkart.com/cello-puro-steel-x-benz-900-insulated-inner-steel-outer-plastic-water-bottle-730-ml-bottle/p/itm6e86f8bb70a94?pid=BOTFY8FNWQCGKAFH&lid=LSTBOTFY8FNWQCGKAFHRMZX4H&marketplace=FLIPKART&q=WaterBottle&store=upp%2F3t7&srno=s_1_3&otracker=search&iid=9d29debd-5de5-428f-8399-fc5e249d1d83.BOTFY8FNWQCGKAFH.SEARCH&ssid=z9ljnmc7r40000001687297449288&qH=d9179e4bbe2fe963
3,"STARKENDY Air Tight Fridge School Collage Office Gym Men Women Kids 1000 ml Bottle  (Pack of 7, Multicolor, Plastic)",‚Çπ398,4.2,"['Value for money', ""It's nice üëçüëçüëç"", 'OK but quality average', '', '', '', '', '', '', '']",https://www.flipkart.com/starkendy-air-tight-fridge-school-collage-office-gym-men-women-kids-1000-ml-bottle/p/itm87e92c33c7989?pid=BOTGZTCJBCGJX2ZZ&lid=LSTBOTGZTCJBCGJX2ZZZ1WCXW&marketplace=FLIPKART&q=WaterBottle&store=upp%2F3t7&srno=s_1_4&otracker=search&iid=9d29debd-5de5-428f-8399-fc5e249d1d83.BOTGZTCJBCGJX2ZZ.SEARCH&ssid=z9ljnmc7r40000001687297449288&qH=d9179e4bbe2fe963
4,"Sumeet Stainless Steel Double Wall Flask/Water Bottle,24 Hours Hot & Cold,1000 ml, Silver 1000 ml Flask  (Pack of 1, Silver, Steel)",‚Çπ479,4.2,"['Iam buy this flax for hot water put in to.It is very good quality and warm water is staying for 24 hours..', ""Very good product for this price. I had tested the flask by putting hot water and it's being 8hrs, still it's hot after 8hrs"", ""Very nice flask, water stay hot for 24hrs I'm satisfied with this product. Thank you flipkart‚ù§Ô∏è"", '', '', '', '', '', '', '']",https://www.flipkart.com/sumeet-stainless-steel-double-wall-flask-water-bottle-24-hours-hot-cold-1000-ml-silver-1000-ml-flask/p/itm615e18532a87f?pid=BOTGFGMQAYNHZGTZ&lid=LSTBOTGFGMQAYNHZGTZQYUQIM&marketplace=FLIPKART&q=WaterBottle&store=upp%2F3t7&spotlightTagId=BestsellerId_upp%2F3t7&srno=s_1_5&otracker=search&iid=9d29debd-5de5-428f-8399-fc5e249d1d83.BOTGFGMQAYNHZGTZ.SEARCH&ssid=z9ljnmc7r40000001687297449288&qH=d9179e4bbe2fe963
5,"MILTON Thermosteel Flip lid 1000 ml Flask  (Pack of 1, Silver, Steel)",‚Çπ954,4.3,"['Product is very good and leakproof.\nApprox 12 hour zero temperature loss of filled fluid.\nFinishing is also good. Flip Lid type cap works great.\nOne thing i want to tell that 1000ml size flask too big to carry. I think 750 ml/500ml flask will b good for sufficient Storage and carry easily, but if for just nust storage then go for it.\nPic show 1000ml flask vs 500 ml flask', 'nice it good quality thanks flipkart . good hot water is hot in 24 hours cold water is cold 24 hours continuously. latest good product thank you Flipkart one litre capacity it is with bag carry bag is very nice of Milton.', 'Received properly... Same like description... Very useful product for warm hot water or milk...', '', '', '', '', '', '', '']",https://www.flipkart.com/milton-thermosteel-flip-lid-1000-ml-flask/p/itm78a7062944421?pid=BOTFAKVHZ8SQKAJP&lid=LSTBOTFAKVHZ8SQKAJPHEPZBB&marketplace=FLIPKART&q=WaterBottle&store=upp%2F3t7&srno=s_1_6&otracker=search&iid=9d29debd-5de5-428f-8399-fc5e249d1d83.BOTFAKVHZ8SQKAJP.SEARCH&ssid=z9ljnmc7r40000001687297449288&qH=d9179e4bbe2fe963
6,"MODEK Blue Color Cotted Copper Water Bottle 950 ml Bottle  (Pack of 1, Blue, Copper)",‚Çπ699,,,https://www.flipkart.com/modek-blue-color-cotted-copper-water-bottle-950-ml/p/itm72b79f36aaa3e?pid=BOTGP9F9BH56CNTB&lid=LSTBOTGP9F9BH56CNTBLDCKXV&marketplace=FLIPKART&q=WaterBottle&store=upp%2F3t7&srno=s_1_7&otracker=search&iid=9d29debd-5de5-428f-8399-fc5e249d1d83.BOTGP9F9BH56CNTB.SEARCH&ssid=z9ljnmc7r40000001687297449288&qH=d9179e4bbe2fe963
7,"mr hub collection Smart Stainless Steel Vacuum Insulated Water Bottle with LED 500 ml Bottle  (Pack of 1, White, Steel)",‚Çπ298,,,https://www.flipkart.com/mr-hub-collection-smart-stainless-steel-vacuum-insulated-water-bottle-led-500-ml/p/itm6e4b85a6f0ad1?pid=BOTGQQDTA4WY2CKN&lid=LSTBOTGQQDTA4WY2CKNXVSAPQ&marketplace=FLIPKART&q=WaterBottle&store=upp%2F3t7&srno=s_1_8&otracker=search&iid=en_0Ash5OWNLTVgYodr4TruWQ543TWKVEYDlLvAsZdaeXQQNgnyM9orqui1UAihRDCcwPSoA%2F3L8Q2iaGB8fCWAhA%3D%3D&ssid=z9ljnmc7r40000001687297449288&qH=d9179e4bbe2fe963
8,"aaryashoppy Unbreakable Silicone Water Bottle 1 Liters with Motivational Time Marker 1000 ml Bottle  (Pack of 1, Multicolor, Silicone, Plastic)",‚Çπ273,4.1,"[""Very useful product if you ata gym or fitness freak it's very useful al Little but print is mis but it's good overall in this price you can afford it easily without thinking too much"", '1st order came with a hole at the bottom. Replaced order is fine. Material good. Sturdy but may not be unbreakable. Colour is good. Gives real motivation to drink 2+ lt water per day if u follow the timetable. Easily washable. Easy to carry. Seems leakpeoof. But last time as well as thus time the cleaning brush was not given as advertised. The seller as well as flipkart should see to it.', ""It awesome !!!! The price is so worth it and BTW\nthe stickers are so cute but they didn't give that utensil to wash the bottle .I loved this product and would recommend it to..."", '', '', '', '', '', '', '']",https://www.flipkart.com/aaryashoppy-unbreakable-silicone-water-bottle-1-liters-motivational-time-marker-1000-ml/p/itm9bc493f5369d1?pid=BOTGB7AJMAEPTUEG&lid=LSTBOTGB7AJMAEPTUEGEGGSNA&marketplace=FLIPKART&q=WaterBottle&store=upp%2F3t7&srno=s_1_9&otracker=search&iid=9d29debd-5de5-428f-8399-fc5e249d1d83.BOTGB7AJMAEPTUEG.SEARCH&ssid=z9ljnmc7r40000001687297449288&qH=d9179e4bbe2fe963
9,"DPM LED temperature water bottle (note:YOU ARE MY STARS) hot & cool 500 ml Bottle  (Pack of 1, Black, Silver, Steel)",‚Çπ299,3.7,"[""I think this bottle is good,\n\nBut I don't like black color,\n\n1. I tested hot and cold water min 12h it's good product temperature is perfectly showing on LED,\n\n2. I want bottle size 750 ml or 1 lit, because I drink cold water only once, I think in summer this bottle also perform very well,\n\n3. I noticed when I filled hot water bottle outside also hot\n\nAnd when I filled cold water bottle outside is also cold I don't know why but inside water in 12h.\n\nWhen filling water that time I noticed 18¬∞c...\nREAD MORE"", 'The bottel is Amazing but the bottle is so small its only 500 ml and the build quality is good the bottle cap is plastic overall the bottle is just amazing', ""This bottle is amazing. Touch sencer is also working properly, quality is also Very good üòä and in this price it's excellent üëå must buy product. But when you kept it in hot areas it's shows the temperature of area only but when the temperature of surrounding is normal then it's shows the bottle temprature and when you put water inside then also it's shows the temperature of water inside the bottle."", '', '', '', '', '', '', '']",https://www.flipkart.com/dpm-led-temperature-water-bottle-note-you-my-stars-hot-cool-500-ml/p/itmf36d45f10f453?pid=BOTGH4T7FK2JHEPM&lid=LSTBOTGH4T7FK2JHEPMZBATHU&marketplace=FLIPKART&q=WaterBottle&store=upp%2F3t7&srno=s_1_10&otracker=search&iid=9d29debd-5de5-428f-8399-fc5e249d1d83.BOTGH4T7FK2JHEPM.SEARCH&ssid=z9ljnmc7r40000001687297449288&qH=d9179e4bbe2fe963
10,"BOROSIL Aquaslim Bottle 1000 ml Bottle  (Pack of 1, Steel/Chrome, Steel)",‚Çπ390,4.3,"['Amazing product from Borosil', 'Fine finished', 'Good product', '', '']",https://www.flipkart.com/borosil-aquaslim-bottle-1000-ml/p/itm4fd487cd0c06a?pid=BOTGNREZGNPZKWDF&lid=LSTBOTGNREZGNPZKWDFONQ6A8&marketplace=FLIPKART&q=WaterBottle&store=upp%2F3t7&srno=s_1_11&otracker=search&iid=en_0Ash5OWNLTVgYodr4TruWQ543TWKVEYDlLvAsZdaeXRD31dDVk%2FsWWZv3YP3QZUwCigwDOd9FNLs8nXUNfDWYQ%3D%3D&ssid=z9ljnmc7r40000001687297449288&qH=d9179e4bbe2fe963
11,"pexpo 24 Hrs Hot and Cold ISI Certified , Electro Vacuum insulated Water Bottle 1000 ml Flask  (Pack of 1, Black, Steel)",‚Çπ742,4.2,"['Nice bottle... Durable and water remaining hot for long time. Also made in india product.. delivery person good and down to earth person.. happy with this product.. thanku Flipkart to provide to this product.üòäüòä', ""This is very nice bottle I suggest you all to buy it\nFor the purpose of trying I kept hot water before 24hours and it is still hot at that temperature it's nice üëç\nDon't doubt on it it is Better than Milton or cello"", 'Hot water is not withstand hot after using of 4 months. Better to go for some other good brands even though more price. This is not preferred.', '', '', '', '', '', '', '']",https://www.flipkart.com/pexpo-24-hrs-hot-cold-isi-certified-electro-vacuum-insulated-water-bottle-1000-ml-flask/p/itm1cc131bbf2f73?pid=BOTG24HPW7CBTTBM&lid=LSTBOTG24HPW7CBTTBMUUNKDF&marketplace=FLIPKART&q=WaterBottle&store=upp%2F3t7&srno=s_1_12&otracker=search&iid=en_0Ash5OWNLTVgYodr4TruWQ543TWKVEYDlLvAsZdaeXTBct3fxlkQE0Cjmm9UQdHtCqlfTkk%2Fg0SKY162zHMwlA%3D%3D&ssid=z9ljnmc7r40000001687297449288&qH=d9179e4bbe2fe963
12,"NIRLON Ozone Stainless Steel Single Wall Water Bottle/Fridge Refrigerator Bottle 1000 ml Bottle  (Pack of 4, Silver, Steel)",‚Çπ559,4,"['Good product üëç', 'Quality wise good.. steel meterial is good too', 'Goog product .thanks flipkart .I am very happy.', '', '', '', '', '', '', '']",https://www.flipkart.com/nirlon-ozone-stainless-steel-single-wall-water-bottle-fridge-refrigerator-bottle-1000-ml/p/itm484c306ac5a63?pid=BOTGNP7JJTA56FSP&lid=LSTBOTGNP7JJTA56FSPKR3J8A&marketplace=FLIPKART&q=WaterBottle&store=upp%2F3t7&spotlightTagId=FkPickId_upp%2F3t7&srno=s_1_13&otracker=search&iid=9d29debd-5de5-428f-8399-fc5e249d1d83.BOTGNP7JJTA56FSP.SEARCH&ssid=z9ljnmc7r40000001687297449288&qH=d9179e4bbe2fe963
13,"MILTON COPPER CHARGE 1000 930 ml Bottle  (Pack of 1, Copper, Copper)",‚Çπ799,4.1,"['Nice\nBest part, it is light weight and secondly easy to clean. I am purchasing copper bottle after recommended by one of the YouTuber, their benefits and many more abot it.\nSo highly recommended you all.', ""Good product. I'm very happy. Good package. Affordable price thank you flipkart,üòä"", 'Quality is good. Replaced all plastic bottles from the kitchen to this new Milton copper bottle.', '', '', '', '', '', '', '']",https://www.flipkart.com/milton-copper-charge-1000-930-ml-bottle/p/itm9a08f70861aae?pid=BOTFMMYPMUZEWMYS&lid=LSTBOTFMMYPMUZEWMYSXYGOLI&marketplace=FLIPKART&q=WaterBottle&store=upp%2F3t7&srno=s_1_14&otracker=search&iid=9d29debd-5de5-428f-8399-fc5e249d1d83.BOTFMMYPMUZEWMYS.SEARCH&ssid=z9ljnmc7r40000001687297449288&qH=d9179e4bbe2fe963
14,"NL Traders Unbreakable Silicone Water Bottle for home, office, gym (1 Pcs. ,multicolor) 1000 ml Bottle  (Pack of 1, Multicolor, Silicone)",‚Çπ277,4,"[""It's really good to use. . The lid flips open and clicks shut, providing a durable seal to prevent leaking. I loved it"", 'Good one üëç', 'I love it ‚ù§Ô∏è', '', '', '', '', '', '', '']",https://www.flipkart.com/nl-traders-unbreakable-silicone-water-bottle-home-office-gym-1-pcs-multicolor-1000-ml/p/itm21f7c9e6ef976?pid=BOTGEQVJHKVFHM6B&lid=LSTBOTGEQVJHKVFHM6BE4TU0L&marketplace=FLIPKART&q=WaterBottle&store=upp%2F3t7&srno=s_1_15&otracker=search&iid=9d29debd-5de5-428f-8399-fc5e249d1d83.BOTGEQVJHKVFHM6B.SEARCH&ssid=z9ljnmc7r40000001687297449288&qH=d9179e4bbe2fe963
15,"MILTON Kool Trendy 500 Plastic Insulated Water Bottle with Straw for Kids, Cherry Pink 490 ml Bottle  (Pack of 1, Pink, Plastic)",‚Çπ170,4.4,"['Very very good üëç', 'Nice', 'Cheap and best... My kid love it...', '', '', '', '', '', '', '']",https://www.flipkart.com/milton-kool-trendy-500-plastic-insulated-water-bottle-straw-kids-cherry-pink-490-ml/p/itmaa360c0744db3?pid=BOTGDSRSH2NZGDHW&lid=LSTBOTGDSRSH2NZGDHWJOX48J&marketplace=FLIPKART&q=WaterBottle&store=upp%2F3t7&srno=s_1_16&otracker=search&iid=9d29debd-5de5-428f-8399-fc5e249d1d83.BOTGDSRSH2NZGDHW.SEARCH&ssid=z9ljnmc7r40000001687297449288&qH=d9179e4bbe2fe963
16,"PRH Basics Vacuum Insulated Bottle Water Flask with Two mugs Hot & Cold 500 ml Flask 500 ml Bottle With Drinking Glass  (Pack of 3, Multicolor, Steel)",‚Çπ749,,,https://www.flipkart.com/prh-basics-vacuum-insulated-bottle-water-flask-two-mugs-hot-cold-500-ml-drinking-glass/p/itmacda675a3d2bc?pid=BOTGPB9EHYFJ3E66&lid=LSTBOTGPB9EHYFJ3E669GV4VV&marketplace=FLIPKART&q=WaterBottle&store=upp%2F3t7&srno=s_1_17&otracker=search&iid=en_0Ash5OWNLTVgYodr4TruWQ543TWKVEYDlLvAsZdaeXQFtojhVN61a9kGKUgIcdv9ycU3Gk9B%2FZffPddEhdWDmw%3D%3D&ssid=z9ljnmc7r40000001687297449288&qH=d9179e4bbe2fe963
17,"NIRLON Double Walled Stainless Steel Vacuum Insulated Flask, Hot & Cold Water Bottle 500 ml Flask  (Pack of 1, Steel/Chrome, Steel)",‚Çπ502,3.6,"['Very good product', 'Super', 'Very bad experience', '', '', '', '', '', '', '']",https://www.flipkart.com/nirlon-double-walled-stainless-steel-vacuum-insulated-flask-hot-cold-water-bottle-500-ml-flask/p/itm7a1a0e7544610?pid=BOTGHBTVTDVFRFHH&lid=LSTBOTGHBTVTDVFRFHHDZWINJ&marketplace=FLIPKART&q=WaterBottle&store=upp%2F3t7&srno=s_1_18&otracker=search&iid=en_0Ash5OWNLTVgYodr4TruWQ543TWKVEYDlLvAsZdaeXR%2F6hhCfhe9gnMtsGbjTy9Dz7W6um3u1kAJCrqs3FcrJQ%3D%3D&ssid=z9ljnmc7r40000001687297449288&qH=d9179e4bbe2fe963
18,"MODEK Tower Shape Green Color Cotted Copper Water Bottle 950 ml Bottle  (Pack of 1, Green, Copper)",‚Çπ770,,,https://www.flipkart.com/modek-tower-shape-green-color-cotted-copper-water-bottle-950-ml/p/itm98464fe28a1fb?pid=BOTGP9YWJK3HBNJ6&lid=LSTBOTGP9YWJK3HBNJ6EGBRCX&marketplace=FLIPKART&q=WaterBottle&store=upp%2F3t7&srno=s_1_19&otracker=search&iid=9d29debd-5de5-428f-8399-fc5e249d1d83.BOTGP9YWJK3HBNJ6.SEARCH&ssid=z9ljnmc7r40000001687297449288&qH=d9179e4bbe2fe963
19,"AVATAR 1000 ML 162 ROPE STEEL WATER BOTTLE PACK 2 1000 ml Bottle  (Pack of 2, Silver, Steel)",‚Çπ500,4,"['It was very useful us and the design was awesome. The packaging is nice and it also came fast . I like it very much and it has no linkage in it .nice product', 'Just ossum product at this rate.very good for daily use easy to carry and most valuable thing is proudly made in India product.üáÆüá≥', ""Nice beautiful product and delivery boy is fast service I'm soo happy delivery boy"", '', '', '', '', '', '', '']",https://www.flipkart.com/avatar-1000-ml-162-rope-steel-water-bottle-pack-2/p/itmc70e71edc9b3e?pid=BOTGYV4NRFTFE25Z&lid=LSTBOTGYV4NRFTFE25ZKFMPJI&marketplace=FLIPKART&q=WaterBottle&store=upp%2F3t7&srno=s_1_20&otracker=search&iid=9d29debd-5de5-428f-8399-fc5e249d1d83.BOTGYV4NRFTFE25Z.SEARCH&ssid=z9ljnmc7r40000001687297449288&qH=d9179e4bbe2fe963
20,"pexpo 24 Hrs Hot and Cold ISI Certified , Electro Vacuum insulated Water Bottle 1000 ml Flask  (Pack of 1, Maroon, Steel)",‚Çπ868,4.2,"['Nice bottle... Durable and water remaining hot for long time. Also made in india product.. delivery person good and down to earth person.. happy with this product.. thanku Flipkart to provide to this product.üòäüòä', ""This is very nice bottle I suggest you all to buy it\nFor the purpose of trying I kept hot water before 24hours and it is still hot at that temperature it's nice üëç\nDon't doubt on it it is Better than Milton or cello"", 'Hot water is not withstand hot after using of 4 months. Better to go for some other good brands even though more price. This is not preferred.', '', '', '', '', '', '', '']",https://www.flipkart.com/pexpo-24-hrs-hot-cold-isi-certified-electro-vacuum-insulated-water-bottle-1000-ml-flask/p/itmda32037a96adb?pid=BOTGG9UN8TVURBZB&lid=LSTBOTGG9UN8TVURBZBEFT253&marketplace=FLIPKART&q=WaterBottle&store=upp%2F3t7&srno=s_1_21&otracker=search&iid=en_0Ash5OWNLTVgYodr4TruWQ543TWKVEYDlLvAsZdaeXT2DnP0YUajrav4b%2Fh7QkfYZtkIFPop5rVmsIsK%2Fu1sAg%3D%3D&ssid=z9ljnmc7r40000001687297449288&qH=d9179e4bbe2fe963
21,"CASPIAN /// Stainless Steel Water Bottle for Home Fridge School Kids Boys Girls Gym Travel 1000 ml Bottle  (Pack of 1, Green, Steel)",‚Çπ399,4.1,"['Great product and price range is also good.', 'Very good bottal, this colour is awesome', 'So beautiful colour\nvery light waight and gud quality besstttttt', '', '', '', '', '', '', '']",https://www.flipkart.com/caspian-stainless-steel-water-bottle-home-fridge-school-kids-boys-girls-gym-travel-1000-ml/p/itm3a0ae7f69a810?pid=BOTGNJMSAFHR2HA5&lid=LSTBOTGNJMSAFHR2HA5I9TEO7&marketplace=FLIPKART&q=WaterBottle&store=upp%2F3t7&srno=s_1_22&otracker=search&iid=en_0Ash5OWNLTVgYodr4TruWQ543TWKVEYDlLvAsZdaeXSC2yhu8l%2FbzLZxJ4T1dNHtbYMnnhnFa%2BzvhTY4fIsQSQ%3D%3D&ssid=z9ljnmc7r40000001687297449288&qH=d9179e4bbe2fe963
22,"JLR Enterprise Plastic Fridge Water Bottle Set Of 6, Crystal Diamond Texture Design 1000 ml Bottle  (Pack of 6, Clear, PET)",‚Çπ295,3.9,"['I love this product it is very nice nice colour and affordable in price thank you flipkart', 'Nice bottle and price was awesome üòÅüòÅ, kiuki maine super coins use kiye the and fastest delivery service üòÅ, so i will give 5‚≠ê, Thank you.', 'At this price, I would say that the product is fabulous. It looks classy as well as it holds a sufficient amount of water.', '', '', '', '', '', '', '']",https://www.flipkart.com/jlr-enterprise-plastic-fridge-water-bottle-set-6-crystal-diamond-texture-design-1000-ml/p/itm08945cd9d9bc7?pid=BOTGBNR4CJM9W6AS&lid=LSTBOTGBNR4CJM9W6AS0WH5QG&marketplace=FLIPKART&q=WaterBottle&store=upp%2F3t7&srno=s_1_23&otracker=search&iid=9d29debd-5de5-428f-8399-fc5e249d1d83.BOTGBNR4CJM9W6AS.SEARCH&ssid=z9ljnmc7r40000001687297449288&qH=d9179e4bbe2fe963
23,"HAPPY CART STAINLESS STEEL WATER BOTTLE PACK OF 3 800 ml Bottle  (Pack of 3, Steel/Chrome, Steel)",‚Çπ379,4,"['Nice bottles ‚ò∫Ô∏è', 'Super quality ü•∞', 'After uses of fue months (3-4 months) rust was observed in bottle inside and out side of the neck', '', '', '', '', '', '', '']",https://www.flipkart.com/happy-cart-stainless-steel-water-bottle-pack-3-800-ml/p/itm18944d17f07c4?pid=BOTGEYMF2FA7HACR&lid=LSTBOTGEYMF2FA7HACR4IVKCA&marketplace=FLIPKART&q=WaterBottle&store=upp%2F3t7&srno=s_1_24&otracker=search&iid=9d29debd-5de5-428f-8399-fc5e249d1d83.BOTGEYMF2FA7HACR.SEARCH&ssid=z9ljnmc7r40000001687297449288&qH=d9179e4bbe2fe963
24,"Kimaya Stainless Steel water bottle 1000 ml Bottle  (Pack of 2, Silver, Steel)",‚Çπ231,3.9,"[""Don't buy... The bottles' look is good but... First thing after using some days carbon deposits inside the bottle.. and u would find your water smelly...\nNot recommended at all... Carbon deposits does not clean easily.."", 'These bottles are elegant and retain chillness for a longer time and they get chilled a bit soon as well .easy to clean .', 'Quality is good and same as picture', '', '', '', '', '', '', '']",https://www.flipkart.com/kimaya-stainless-steel-water-bottle-1000-ml/p/itme3f62b7c275a5?pid=BOTFK893YFYBNWCD&lid=LSTBOTFK893YFYBNWCDJNF3AL&marketplace=FLIPKART&q=WaterBottle&store=upp%2F3t7&spotlightTagId=BestsellerId_upp%2F3t7&srno=s_1_25&otracker=search&iid=9d29debd-5de5-428f-8399-fc5e249d1d83.BOTFK893YFYBNWCD.SEARCH&ssid=z9ljnmc7r40000001687297449288&qH=d9179e4bbe2fe963
25,"CASPIAN /// Hike Stainless Steel Sipper Water Bottle for Home Office School Kids Sports Gym 1000 ml Bottle  (Pack of 1, Blue, Steel)",‚Çπ364,4.1,"['Great product and price range is also good.', 'Very good bottal, this colour is awesome', 'So beautiful colour\nvery light waight and gud quality besstttttt', '', '', '', '', '', '', '']",https://www.flipkart.com/caspian-hike-stainless-steel-sipper-water-bottle-home-office-school-kids-sports-gym-1000-ml/p/itmc3d0119398777?pid=BOTGGC4GFGHZFJHF&lid=LSTBOTGGC4GFGHZFJHFVSAE8Z&marketplace=FLIPKART&q=WaterBottle&store=upp%2F3t7&srno=s_1_26&otracker=search&iid=9d29debd-5de5-428f-8399-fc5e249d1d83.BOTGGC4GFGHZFJHF.SEARCH&ssid=z9ljnmc7r40000001687297449288&qH=d9179e4bbe2fe963
26,"pexpo 24 Hrs Hot and Cold ISI Certified , Electro Vacuum insulated Water Bottle 1000 ml Flask  (Pack of 1, Silver, Steel)",‚Çπ868,4.2,"['Nice bottle... Durable and water remaining hot for long time. Also made in india product.. delivery person good and down to earth person.. happy with this product.. thanku Flipkart to provide to this product.üòäüòä', ""This is very nice bottle I suggest you all to buy it\nFor the purpose of trying I kept hot water before 24hours and it is still hot at that temperature it's nice üëç\nDon't doubt on it it is Better than Milton or cello"", 'Hot water is not withstand hot after using of 4 months. Better to go for some other good brands even though more price. This is not preferred.', '', '', '', '', '', '', '']",https://www.flipkart.com/pexpo-24-hrs-hot-cold-isi-certified-electro-vacuum-insulated-water-bottle-1000-ml-flask/p/itm8d74eefd305a1?pid=BOTG2A49SEKZ4N4Z&lid=LSTBOTG2A49SEKZ4N4ZJX5ZBX&marketplace=FLIPKART&q=WaterBottle&store=upp%2F3t7&srno=s_1_27&otracker=search&iid=en_0Ash5OWNLTVgYodr4TruWQ543TWKVEYDlLvAsZdaeXTso%2FYAr%2FexVfNi9BaDfLt6hY36kI6wxk%2B%2Bx716UzeGBQ%3D%3D&ssid=z9ljnmc7r40000001687297449288&qH=d9179e4bbe2fe963
27,"VISAXMI Stainless Steel Fridge Bottle Leak Proof| Gym Bottle | Kids | Office | School 900 ml Bottle  (Pack of 2, Blue, Steel)",‚Çπ399,3.5,['Ok'],https://www.flipkart.com/visaxmi-stainless-steel-fridge-bottle-leak-proof-gym-kids-office-school-900-ml/p/itma5f1903fcc6b7?pid=BOTGNZ2D62ZBZGBM&lid=LSTBOTGNZ2D62ZBZGBMSCZVXH&marketplace=FLIPKART&q=WaterBottle&store=upp%2F3t7&srno=s_1_28&otracker=search&iid=en_0Ash5OWNLTVgYodr4TruWQ543TWKVEYDlLvAsZdaeXTjvjYbIWM47S0m6x%2BuODOf%2FG%2FLSf15FG9ga9oJpjHSdw%3D%3D&ssid=z9ljnmc7r40000001687297449288&qH=d9179e4bbe2fe963
28,"cello Puro Steel-X Benz 900 Insulated Inner Steel Outer Plastic Water Bottle, 730 ml Bottle  (Pack of 1, Blue, Steel, Plastic)",‚Çπ379,3.9,"[""Its a good product for school & college going people as it can accommodate fair enough quantity of water tho it can't keep it cold or warm for lond period of time. Lookwise great,looks classy and rich."", 'Same colour as shown in picture üôÇ.. love it. But m not using right now üòÇ. Hope it will be great üòä', ""It doesn't provide much insulation. Actually it is not a thermoflask. So your hot water remain hot for a maximum duration of 1 hr. Over all quality is good, one more important thing there is no difference in between 900ml and 600ml bottle. Bottle is cute. Everything is good except insulation."", '', '', '', '', '', '', '']",https://www.flipkart.com/cello-puro-steel-x-benz-900-insulated-inner-steel-outer-plastic-water-bottle-730-ml-bottle/p/itm1ceb99424cdd8?pid=BOTGND4XDDYHFGGK&lid=LSTBOTGND4XDDYHFGGK1T3VRB&marketplace=FLIPKART&q=WaterBottle&store=upp%2F3t7&srno=s_1_29&otracker=search&iid=9d29debd-5de5-428f-8399-fc5e249d1d83.BOTGND4XDDYHFGGK.SEARCH&ssid=z9ljnmc7r40000001687297449288&qH=d9179e4bbe2fe963
29,"Flipkart SmartBuy Designer Mosaic Water Bottle - 1000ml - PET  (Pack of 1, Blue, PET)",‚Çπ169,4.4,"['The best in the market for decent price.\nThe quality of the bottles are very good and the design is absolutely superb, a must but product.!!', 'Awesome bottles.. BPA free n made up of PET 1 which is good for health.. Bottles look more elegant in real than in pics.. Recommend to buy', 'awesome product. worth for money. bottle is too strong as like glass fiber. üòä. recommended you all to buy', '', '', '', '', '', '', '']",https://www.flipkart.com/flipkart-smartbuy-designer-mosaic-water-bottle-1000ml-pet/p/itm4735a0e351533?pid=BOTFGGTHUHGF6QP4&lid=LSTBOTFGGTHUHGF6QP4H1Q3HY&marketplace=FLIPKART&q=WaterBottle&store=upp%2F3t7&srno=s_1_30&otracker=search&iid=9d29debd-5de5-428f-8399-fc5e249d1d83.BOTFGGTHUHGF6QP4.SEARCH&ssid=z9ljnmc7r40000001687297449288&qH=d9179e4bbe2fe963
30,"M9GI Water Bottle for Fridge round crystal diamond for Home Office Gym School Boy 1000 ml Bottle  (Pack of 6, Clear, Plastic, Steel)",‚Çπ479,4.4,"['These water bottles are of very good quality and easy for me to clean and it comes in such a good design of crystal diamond which looks lovely must buy', 'M9GI water Bottle for fridge round crystal diamond shaped are very beautiful. The quality of these bottle are heavy. Value for money. Just go for it', 'Steel cover on plastic cap is very loose seems to be cheap arrangement.', '', '', '', '', '']",https://www.flipkart.com/m9gi-water-bottle-fridge-round-crystal-diamond-home-office-gym-school-boy-1000-ml/p/itm7f5a903622f62?pid=BOTGNFFZY7BZHHZC&lid=LSTBOTGNFFZY7BZHHZCCRR6NW&marketplace=FLIPKART&q=WaterBottle&store=upp%2F3t7&srno=s_1_31&otracker=search&iid=en_0Ash5OWNLTVgYodr4TruWQ543TWKVEYDlLvAsZdaeXQPtrQAlNB9HGPC5YHPyog3oQarJHgALkt3zCqL1VyreA%3D%3D&ssid=z9ljnmc7r40000001687297449288&qH=d9179e4bbe2fe963
31,"pexpo Stainless Steel Vacuum Insulated Cosmo Carafe, 24 Hrs Hot and Cold Tea/Coffee 1500 ml Flask  (Pack of 1, Silver, Steel)","‚Çπ1,374",4.1,"['I have started using it for the first time. It is now more than 17 hours and still it is maintaining the same Temperature of the hot water.', 'Good', 'Good', '', '', '', '', '']",https://www.flipkart.com/pexpo-stainless-steel-vacuum-insulated-cosmo-carafe-24-hrs-hot-cold-tea-coffee-1500-ml-flask/p/itm948643b3819f1?pid=BOTGJUGKXZGRGZGT&lid=LSTBOTGJUGKXZGRGZGT6THDWT&marketplace=FLIPKART&q=WaterBottle&store=upp%2F3t7&srno=s_1_32&otracker=search&iid=en_0Ash5OWNLTVgYodr4TruWQ543TWKVEYDlLvAsZdaeXSNhPePCcBUymcMYabeEs68PW0uqtrNy8ISdnn1%2BJSKKg%3D%3D&ssid=z9ljnmc7r40000001687297449288&qH=d9179e4bbe2fe963
32,"MILTON Thermosteel Glassy Drinking Cup Lid, 1000 Ml, Pink 1000 ml Flask  (Pack of 1, Pink, Steel)",‚Çπ986,4.5,"['The product i receive very good. Today i receive.. It deliver in 2 days. Thats too gud or fast delivery... Lets see how its works good or bad... Quality wiise so gool nd look classy. Lovely color. Pakaging is ousider little messy . Otherwise sooo good.. Nd delhi very boy is also very genuine person nd very polite.... This is my gud purchase...just wooow', 'I liked the flask look wise as well as the quantity it can hold at a tume . Also the hot/cold stays for aprox 7-8 hrs', 'Awesome! Worth the money!\nI got this product at Rs 725 and it has been great so far.Water remains hot 6-8 hours surely.', '', '', '', '', '', '', '']",https://www.flipkart.com/milton-thermosteel-glassy-drinking-cup-lid-1000-ml-pink-ml-flask/p/itmd4cd1b68dd56b?pid=BOTF4WFTZYW8AVKY&lid=LSTBOTF4WFTZYW8AVKYWLCFQE&marketplace=FLIPKART&q=WaterBottle&store=upp%2F3t7&srno=s_1_33&otracker=search&iid=9d29debd-5de5-428f-8399-fc5e249d1d83.BOTF4WFTZYW8AVKY.SEARCH&ssid=z9ljnmc7r40000001687297449288&qH=d9179e4bbe2fe963
33,"Flipkart SmartBuy Stylish crystal design water bottle set for multipurpose 6pc 1000 ml Bottle  (Pack of 6, Multicolor, Plastic)",‚Çπ269,4.3,"['This is this product is also very very good morning saved product its quality and design colour is all perfect DU any water bottle price and the durability is very very strong material quality is good this product is very very good product', 'Very nice super so nice', 'Nice Bottle...üôÇ', '', '', '', '', '', '', '']",https://www.flipkart.com/flipkart-smartbuy-stylish-crystal-design-water-bottle-set-multipurpose-6pc-1000-ml/p/itmb7ed8446011cd?pid=BOTGCZENDC6GKB6F&lid=LSTBOTGCZENDC6GKB6F0Q43RQ&marketplace=FLIPKART&q=WaterBottle&store=upp%2F3t7&srno=s_1_34&otracker=search&iid=9d29debd-5de5-428f-8399-fc5e249d1d83.BOTGCZENDC6GKB6F.SEARCH&ssid=z9ljnmc7r40000001687297449288&qH=d9179e4bbe2fe963
34,"MODEK Tower Shape Blue Color Cotted Copper Water Bottle 950 ml Bottle  (Pack of 1, Blue, Copper)",‚Çπ770,,,https://www.flipkart.com/modek-tower-shape-blue-color-cotted-copper-water-bottle-950-ml/p/itm0bfb5c95e65e0?pid=BOTGP9YWB7YGREHM&lid=LSTBOTGP9YWB7YGREHM91498D&marketplace=FLIPKART&q=WaterBottle&store=upp%2F3t7&srno=s_1_35&otracker=search&iid=9d29debd-5de5-428f-8399-fc5e249d1d83.BOTGP9YWB7YGREHM.SEARCH&ssid=z9ljnmc7r40000001687297449288&qH=d9179e4bbe2fe963
35,"CASPIAN /// Hike Stainless Steel Sipper Water Bottle for Home Office School Kids Sports Gym 1000 ml Bottle  (Pack of 1, Black, Steel)",‚Çπ364,4.1,"['Great product and price range is also good.', 'Very good bottal, this colour is awesome', 'So beautiful colour\nvery light waight and gud quality besstttttt', '', '', '', '', '', '', '']",https://www.flipkart.com/caspian-hike-stainless-steel-sipper-water-bottle-home-office-school-kids-sports-gym-1000-ml/p/itmcc47b3dcb3e56?pid=BOTGGHSH8ZV9HKMK&lid=LSTBOTGGHSH8ZV9HKMKUGTGYG&marketplace=FLIPKART&q=WaterBottle&store=upp%2F3t7&srno=s_1_36&otracker=search&iid=9d29debd-5de5-428f-8399-fc5e249d1d83.BOTGGHSH8ZV9HKMK.SEARCH&ssid=z9ljnmc7r40000001687297449288&qH=d9179e4bbe2fe963
36,"VISAXMI 1 Liter Steel Water Bottle | Stainless Steel Fridge Water Bottle | Kids Bottle 1000 ml Bottle  (Pack of 3, Blue, Steel)",‚Çπ885,,,https://www.flipkart.com/visaxmi-1-liter-steel-water-bottle-stainless-fridge-kids-1000-ml/p/itm9df3ce3a221d4?pid=BOTGQCQKQZEGBZHV&lid=LSTBOTGQCQKQZEGBZHVMV7LEQ&marketplace=FLIPKART&q=WaterBottle&store=upp%2F3t7&srno=s_1_37&otracker=search&iid=en_0Ash5OWNLTVgYodr4TruWQ543TWKVEYDlLvAsZdaeXROuz72yLgC%2BuciOM1Jo5VJQrll8aHsfDb0d2cm1mmvMw%3D%3D&ssid=z9ljnmc7r40000001687297449288&qH=d9179e4bbe2fe963
37,"CASPIAN /// Stainless Steel Water Bottle for Fridge School Gym Sports Home Office Boys Girls 1000 ml Bottle  (Pack of 1, Blue, Steel)",‚Çπ379,3.9,,https://www.flipkart.com/caspian-stainless-steel-water-bottle-fridge-school-gym-sports-home-office-boys-girls-1000-ml/p/itmb7a66b7334e1d?pid=BOTGZDVQMSMFR3SN&lid=LSTBOTGZDVQMSMFR3SNURS9FE&marketplace=FLIPKART&q=WaterBottle&store=upp%2F3t7&srno=s_1_38&otracker=search&iid=en_0Ash5OWNLTVgYodr4TruWQ543TWKVEYDlLvAsZdaeXSj6%2FrM%2FkKH%2FVAmBTrg%2FuZw7nmEUNJLoP5PVEyK19kKqg%3D%3D&ssid=z9ljnmc7r40000001687297449288&qH=d9179e4bbe2fe963
38,"MILTON Super 1000 Single Wall Stainless Steel Bottle, 1000 ml, Copper | Office | Home 1000 ml Bottle  (Pack of 1, Copper, Steel)",‚Çπ362,3.8,"['Very good product üëå üëç', 'Very good product.Thanks Flipkart', 'Excellent üëçüèª', '', '', '', '', '', '', '']",https://www.flipkart.com/milton-super-1000-single-wall-stainless-steel-bottle-ml-copper-office-home-ml-bottle/p/itm0daa8c7cd6c0e?pid=BOTGHFCQG3TY8VWJ&lid=LSTBOTGHFCQG3TY8VWJFGVCEG&marketplace=FLIPKART&q=WaterBottle&store=upp%2F3t7&srno=s_1_39&otracker=search&iid=9d29debd-5de5-428f-8399-fc5e249d1d83.BOTGHFCQG3TY8VWJ.SEARCH&ssid=z9ljnmc7r40000001687297449288&qH=d9179e4bbe2fe963
39,"3D METRO SUPER STORE ZIG-ZAG Pattern Multicolor Drinking Water Bottles 1000 ml Bottle  (Pack of 6, Multicolor, PET)",‚Çπ299,4.1,"['Nice water bottles. It has a good attractive Design. It is easy to wash too. Plastic quality used is also tough.', ""Excellent water capacity, and actually quite compact for water bottles. I am trying to remove the old bottles from my house, and these bottles are excellent and sturdy. You can also just plonk it in your bag and take to office or for a day-trip - the lid does not leak at all. Just know that they have a wide mouth, so if you drink directly from the bottle don't tilt it too much. I will be buying another set soon."", 'Bottle design is very good. Keeping in refrigerator also give premium looks to my refrigerator and also the quality of bottle is too good and light in weight. I already ordered 2 more sets.', '', '', '', '', '', '', '']",https://www.flipkart.com/3d-metro-super-store-zig-zag-pattern-multicolor-drinking-water-bottles-1000-ml-bottle/p/itm4ef13883e18ad?pid=BOTGFZS8FMGBXZEH&lid=LSTBOTGFZS8FMGBXZEHAZP4R9&marketplace=FLIPKART&q=WaterBottle&store=upp%2F3t7&srno=s_1_40&otracker=search&iid=9d29debd-5de5-428f-8399-fc5e249d1d83.BOTGFZS8FMGBXZEH.SEARCH&ssid=z9ljnmc7r40000001687297449288&qH=d9179e4bbe2fe963
